suburb,postcode,qty_venue
Southbank,3006,21
Melbourne,3000,119
West Melbourne,3003,5
Docklands,3008,8
Carlton,3053,11
North Melbourne,3051,6
South Wharf,3006,2
South Yarra,3141,2
Parkville,3010,3
